{
	"folders": {},
	"connections": {
		"oracle_thin-1933de665aa-1ed0a1e74dacdc7e": {
			"provider": "oracle",
			"driver": "oracle_thin",
			"name": "sys 관리자 계정",
			"save-password": true,
			"configuration": {
				"host": "localhost",
				"port": "1521",
				"database": "XE",
				"url": "jdbc:oracle:thin:@//localhost:1521/XE",
				"configurationType": "MANUAL",
				"home": "C:\\app\\user1\\product\\18.0.0\\dbhomeXE",
				"type": "dev",
				"closeIdleConnection": true,
				"provider-properties": {
					"@dbeaver-connection-type@": "BASIC",
					"@dbeaver-sid-service@": "SERVICE"
				},
				"auth-model": "oracle_native"
			}
		},
		"oracle_thin-1933df555bf-12c07be78965598b": {
			"provider": "oracle",
			"driver": "oracle_thin",
			"name": "KH_HSJ 사용자 계정",
			"save-password": true,
			"configuration": {
				"host": "localhost",
				"port": "1521",
				"database": "XE",
				"url": "jdbc:oracle:thin:@//localhost:1521/XE",
				"configurationType": "MANUAL",
				"home": "C:\\app\\user1\\product\\18.0.0\\dbhomeXE",
				"type": "dev",
				"closeIdleConnection": true,
				"provider-properties": {
					"@dbeaver-connection-type@": "BASIC",
					"@dbeaver-sid-service@": "SERVICE"
				},
				"auth-model": "oracle_native"
			},
			"filters": [
				{
					"type": "org.jkiss.dbeaver.ext.oracle.model.OracleSchema",
					"enabled": true,
					"include": ["KH_HSJ"]
				}
			]
		},
		"oracle_thin-19347f9e405-12021216d1ac4cb1": {
			"provider": "oracle",
			"driver": "oracle_thin",
			"name": "workbook 사용자 계정",
			"save-password": true,
			"configuration": {
				"host": "localhost",
				"port": "1521",
				"database": "XE",
				"url": "jdbc:oracle:thin:@//localhost:1521/XE",
				"configurationType": "MANUAL",
				"home": "C:\\app\\user1\\product\\18.0.0\\dbhomeXE",
				"type": "dev",
				"closeIdleConnection": true,
				"provider-properties": {
					"@dbeaver-connection-type@": "BASIC",
					"@dbeaver-sid-service@": "SERVICE"
				},
				"auth-model": "oracle_native"
			},
			"filters": [
				{
					"type": "org.jkiss.dbeaver.ext.oracle.model.OracleSchema",
					"enabled": true,
					"include": ["WORKBOOK"]
				}
			]
		},
		"oracle_thin-19348b51676-2eaa16370b0da7e5": {
			"provider": "oracle",
			"driver": "oracle_thin",
			"name": "workbook_test 테스트 계정",
			"save-password": true,
			"configuration": {
				"host": "localhost",
				"port": "1521",
				"database": "XE",
				"url": "jdbc:oracle:thin:@//localhost:1521/XE",
				"configurationType": "MANUAL",
				"home": "C:\\app\\user1\\product\\18.0.0\\dbhomeXE",
				"type": "dev",
				"closeIdleConnection": true,
				"provider-properties": {
					"@dbeaver-connection-type@": "BASIC",
					"@dbeaver-sid-service@": "SERVICE"
				},
				"auth-model": "oracle_native"
			}
		}
	},
	"connection-types": {
		"dev": {
			"name": "Development",
			"color": "255,255,255",
			"description": "Regular development database",
			"auto-commit": false,
			"confirm-execute": false,
			"confirm-data-change": false,
			"smart-commit": false,
			"smart-commit-recover": true,
			"auto-close-transactions": true,
			"close-transactions-period": 1800,
			"auto-close-connections": true,
			"close-connections-period": 14400
		}
	}
}