{"resources":{"Scripts/00_사용자계정생성.sql":{"default-schema":"SYS","default-datasource":"oracle_thin-1933de665aa-1ed0a1e74dacdc7e"},"Scripts/01_SELECT(Basic).sql":{"default-schema":"WORKBOOK","default-datasource":"oracle_thin-19347f9e405-12021216d1ac4cb1"},"Scripts/01_SELECT.sql":{"default-schema":"KH_HSJ","default-datasource":"oracle_thin-1933df555bf-12c07be78965598b"},"Scripts/02_SELECT(Function).sql":{"default-schema":"WORKBOOK","default-datasource":"oracle_thin-19347f9e405-12021216d1ac4cb1"},"Scripts/02_함수.sql":{"default-schema":"KH_HSJ","default-datasource":"oracle_thin-1933df555bf-12c07be78965598b"},"Scripts/03_GROUPBY_HAVING.sql":{"default-schema":"KH_HSJ","default-datasource":"oracle_thin-1933df555bf-12c07be78965598b"},"Scripts/04_JOIN.sql":{"default-schema":"KH_HSJ","default-datasource":"oracle_thin-1933df555bf-12c07be78965598b"},"Scripts/05_SUBQUERY.sql":{"default-schema":"KH_HSJ","default-datasource":"oracle_thin-1933df555bf-12c07be78965598b"},"Scripts/Script.sql":{"default-datasource":"oracle_thin-19347f9e405-12021216d1ac4cb1","default-schema":"WORKBOOK"}}}